keyword,subject
mathematics,Mathematics
math,Mathematics
maths,Mathematics
數學,Mathematics
english,English
英文,English
英語,English
chinese,Chinese
中文,Chinese
中國語文,Chinese
physics,Physics
物理,Physics
chemistry,Chemistry
化學,Chemistry
biology,Biology
生物,Biology
economics,Economics
經濟,Economics
geography,Geography
地理,Geography
history,History
歷史,History
liberal studies,Liberal Studies
通識,Liberal Studies
公民與社會發展,Citizenship and Social Development
ict,ICT
資訊及通訊科技,ICT
bafs,BAFS
企業、會計與財務概論,BAFS
science,Science
科學,Science
general studies,General Studies
常識,General Studies
algebra,Mathematics
calculus,Mathematics
geometry,Mathematics
trigonometry,Mathematics
statistics,Mathematics
reading comprehension,English
writing,English
listening,English
speaking,English
